{
  "id": "1936975",
  "name": "京东",
  "font_family": "iconfont",
  "css_prefix_text": "icon-",
  "description": "",
  "glyphs": [
    {
      "icon_id": "1306",
      "name": "购物车空",
      "font_class": "gouwuchekong",
      "unicode": "e600",
      "unicode_decimal": 58880
    },
    {
      "icon_id": "5030",
      "name": "购物车满",
      "font_class": "gouwucheman",
      "unicode": "e601",
      "unicode_decimal": 58881
    },
    {
      "icon_id": "53843",
      "name": "火车票",
      "font_class": "huochepiao",
      "unicode": "e607",
      "unicode_decimal": 58887
    },
    {
      "icon_id": "145426",
      "name": "飞机场",
      "font_class": "feijichang",
      "unicode": "e623",
      "unicode_decimal": 58915
    },
    {
      "icon_id": "332658",
      "name": "众筹",
      "font_class": "zhongchou",
      "unicode": "e650",
      "unicode_decimal": 58960
    },
    {
      "icon_id": "690508",
      "name": "理财",
      "font_class": "licai",
      "unicode": "e620",
      "unicode_decimal": 58912
    },
    {
      "icon_id": "1107464",
      "name": "电影票",
      "font_class": "dianyingpiao",
      "unicode": "e606",
      "unicode_decimal": 58886
    },
    {
      "icon_id": "2714627",
      "name": "白条",
      "font_class": "baitiaoicon-",
      "unicode": "e622",
      "unicode_decimal": 58914
    },
    {
      "icon_id": "5272995",
      "name": "火车票",
      "font_class": "huochepiao1",
      "unicode": "e6c3",
      "unicode_decimal": 59075
    },
    {
      "icon_id": "5653500",
      "name": "客服",
      "font_class": "kefu",
      "unicode": "e61b",
      "unicode_decimal": 58907
    },
    {
      "icon_id": "6788585",
      "name": "礼品卡",
      "font_class": "lipinqia",
      "unicode": "e638",
      "unicode_decimal": 58936
    },
    {
      "icon_id": "7524854",
      "name": "京东-加油卡-e01121",
      "font_class": "jingdong-jiayouqia-e",
      "unicode": "e628",
      "unicode_decimal": 58920
    },
    {
      "icon_id": "7550294",
      "name": "酒店",
      "font_class": "jiudian",
      "unicode": "e6a0",
      "unicode_decimal": 59040
    },
    {
      "icon_id": "11303492",
      "name": "电子游戏",
      "font_class": "dianziyouxi",
      "unicode": "e61f",
      "unicode_decimal": 58911
    },
    {
      "icon_id": "11952795",
      "name": "企业购入驻",
      "font_class": "qiyegouruzhu",
      "unicode": "e608",
      "unicode_decimal": 58888
    },
    {
      "icon_id": "609279",
      "name": "搜索",
      "font_class": "sousuosearch82",
      "unicode": "e6d1",
      "unicode_decimal": 59089
    },
    {
      "icon_id": "6237091",
      "name": "相机",
      "font_class": "tubiaozhizuo-",
      "unicode": "e611",
      "unicode_decimal": 58897
    },
    {
      "icon_id": "8675088",
      "name": "手机",
      "font_class": "shouji",
      "unicode": "e612",
      "unicode_decimal": 58898
    },
    {
      "icon_id": "608317",
      "name": "箭头",
      "font_class": "jiantouarrow483",
      "unicode": "e695",
      "unicode_decimal": 59029
    },
    {
      "icon_id": "996751",
      "name": "箭头",
      "font_class": "ai37",
      "unicode": "e69a",
      "unicode_decimal": 59034
    },
    {
      "icon_id": "2279234",
      "name": "箭头",
      "font_class": "jiantou",
      "unicode": "e62c",
      "unicode_decimal": 58924
    },
    {
      "icon_id": "2279452",
      "name": "箭头",
      "font_class": "jiantou1",
      "unicode": "e631",
      "unicode_decimal": 58929
    },
    {
      "icon_id": "2279453",
      "name": "箭头",
      "font_class": "jiantou-copy",
      "unicode": "e632",
      "unicode_decimal": 58930
    },
    {
      "icon_id": "5766797",
      "name": "箭头-上-粗线条1",
      "font_class": "jiantou-shang-cuxiantiao",
      "unicode": "e6a7",
      "unicode_decimal": 59047
    },
    {
      "icon_id": "5766801",
      "name": "箭头-下-粗线条1",
      "font_class": "jiantou-xia-cuxiantiao",
      "unicode": "e6a9",
      "unicode_decimal": 59049
    },
    {
      "icon_id": "5766808",
      "name": "箭头-右-粗线条1",
      "font_class": "jiantou-you-cuxiantiao",
      "unicode": "e6ac",
      "unicode_decimal": 59052
    },
    {
      "icon_id": "5766815",
      "name": "箭头-左-粗线条1",
      "font_class": "jiantou-zuo-cuxiantiao",
      "unicode": "e6b1",
      "unicode_decimal": 59057
    },
    {
      "icon_id": "8835558",
      "name": "定位",
      "font_class": "dingwei-xianxing",
      "unicode": "e62d",
      "unicode_decimal": 58925
    },
    {
      "icon_id": "13191371",
      "name": "定位",
      "font_class": "dingwei",
      "unicode": "e627",
      "unicode_decimal": 58919
    },
    {
      "icon_id": "14666096",
      "name": "右箭头",
      "font_class": "youjiantou",
      "unicode": "e733",
      "unicode_decimal": 59187
    }
  ]
}
